{
    "input_path": "ocr_test/A001BO92.png",
    "page_index": null,
    "model_settings": {
        "use_doc_preprocessor": false,
        "use_textline_orientation": false
    },
    "dt_polys": [
        [
            [
                24,
                11
            ],
            [
                250,
                11
            ],
            [
                250,
                65
            ],
            [
                24,
                65
            ]
        ],
        [
            [
                252,
                8
            ],
            [
                319,
                8
            ],
            [
                319,
                52
            ],
            [
                252,
                52
            ]
        ],
        [
            [
                254,
                46
            ],
            [
                294,
                46
            ],
            [
                294,
                62
            ],
            [
                254,
                62
            ]
        ]
    ],
    "text_det_params": {
        "limit_side_len": 64,
        "limit_type": "min",
        "thresh": 0.3,
        "max_side_limit": 4000,
        "box_thresh": 0.6,
        "unclip_ratio": 1.5
    },
    "text_type": "general",
    "textline_orientation_angles": [
        -1,
        -1,
        -1
    ],
    "text_rec_score_thresh": 0.0,
    "return_word_box": false,
    "rec_texts": [
        "A001BO",
        "92",
        "RUS"
    ],
    "rec_scores": [
        0.9565136432647705,
        0.9985196590423584,
        0.9948199391365051
    ],
    "rec_polys": [
        [
            [
                24,
                11
            ],
            [
                250,
                11
            ],
            [
                250,
                65
            ],
            [
                24,
                65
            ]
        ],
        [
            [
                252,
                8
            ],
            [
                319,
                8
            ],
            [
                319,
                52
            ],
            [
                252,
                52
            ]
        ],
        [
            [
                254,
                46
            ],
            [
                294,
                46
            ],
            [
                294,
                62
            ],
            [
                254,
                62
            ]
        ]
    ],
    "rec_boxes": [
        [
            24,
            11,
            250,
            65
        ],
        [
            252,
            8,
            319,
            52
        ],
        [
            254,
            46,
            294,
            62
        ]
    ]
}